hello	hello
google	google
github	github
meeting	meeting
keyboard	keyboard
message	message
computer	computer
coffee	coffee
camera	camera
feature	feature
remote	remote
seeyouagain	see you again
seeyou	see you
seeyoulater	see you later
seeyoutomorrow	see you tomorrow
thankyou	thank you
thankyouverymuch	thank you very much
thanks	thanks
goodbye	goodbye
goodmorning	good morning
goodafternoon	good afternoon
goodevening	good evening
goodnight	good night
nicetomeetyou	nice to meet you
howareyou	how are you
imfine	im fine
iloveyou	i love you
takecare	take care
welcomehome	welcome home
see you again	see you again
thank you very much	thank you very much
good morning	good morning
nice to meet you	nice to meet you
how are you	how are you
I want to go to the park	I want to go to the park
I am going home	I am going home
my name is Taro	my name is Taro
kyouhagoogledekensaku	今日はgoogleで検索
reflectsareta	reflectされた
wsldeshell	wslでshell
Zorgblax	Zorgblax
https://example.com	https://example.com
alice@example.com	alice@example.com
getUserName	getUserName
kyouhagoogledekensakuwo,sitaitoomoimasu.seeyouagain	今日はgoogleで検索を、したいと思います。see you again
